<?xml version="1.0" encoding="UTF-8"?>
<!DOCTYPE mapper PUBLIC "-//mybatis.org//DTD Mapper 3.0//EN" "https://mybatis.org/dtd/mybatis-3-mapper.dtd">

<mapper namespace="com.example.apilogin.dao.ApiLoginDAO">

	<insert id="insertKakaoMember" parameterType="MemberDTO">
		<![CDATA[
		INSERT INTO member(member_id, email, password, name, age, gender, visibility, grade, regdate, nickname, likes_count, profile_path, favorite,type)
		VALUES (member_id_seq.nextval, #{email},#{password}, #{nickname}, #{age}, #{gender}, 1, 4, sysdate, #{nickname}, 0, 'defaultImage.jpg', 0,'카카오')
		]]>
	</insert>  
	<select id="countKakaoMember" parameterType="String" resultType="int">
		select count(*) from member
		where email=#{email} and type='카카오'
		
	</select>
	<select id="selectKakaoMember" parameterType="String" resultType="MemberDTO">
		select * from member
		where email=#{email} and type='카카오'
	</select>
	
	
	
	
		<insert id="insertNaverMember" parameterType="MemberDTO">
		<![CDATA[
		INSERT INTO member(member_id, email, password, name, age, gender, visibility, grade, regdate, nickname, likes_count, profile_path, favorite,type)
		VALUES (member_id_seq.nextval, #{email},#{password}, #{name}, #{age}, #{gender}, 1, 4, sysdate, #{nickname}, 0, 'defaultImage.jpg', 0,'네이버')
		]]>
	</insert>  
	
	
	
		<select id="countNaverMember" parameterType="String" resultType="int">
		select count(*) from member
		where email=#{email} and type='네이버'
		
	</select>
	<select id="selectNaverMember" parameterType="String" resultType="MemberDTO">
		select * from member
		where email=#{email} and type='네이버'
	</select>
	
	
	<select id="checkcount" parameterType="String" resultType="int">
		select count(*) from member_genre
		where member_id=#{member_id}
		
	</select>
	
	
	
	
	
</mapper>  